ID	Order	Superfamily
ltr-1_family-1	LTR	Unknown
ltr-1_family-2	LTR	Unknown
ltr-1_family-11	LTR	Unknown
ltr-1_family-12	LTR	Gypsy
ltr-1_family-13	LTR	Unknown
ltr-1_family-14	LTR	Unknown
ltr-1_family-15	LTR	Gypsy
ltr-1_family-16	LTR	Pao
ltr-1_family-17	LTR	Unknown
ltr-1_family-18	LTR	Unknown
ltr-1_family-19	LTR	Gypsy
ltr-1_family-20	LTR	Gypsy
ltr-1_family-3	LTR	Unknown
ltr-1_family-21	LTR	Unknown
ltr-1_family-22	LTR	Unknown
ltr-1_family-23	LTR	Pao
ltr-1_family-24	LTR	Unknown
ltr-1_family-25	LTR	Gypsy
ltr-1_family-26	LTR	Gypsy
ltr-1_family-27	LTR	Unknown
ltr-1_family-28	LTR	Unknown
ltr-1_family-29	LTR	Gypsy
ltr-1_family-30	LTR	Gypsy
ltr-1_family-4	LTR	Unknown
ltr-1_family-31	LTR	Gypsy
ltr-1_family-5	LTR	Unknown
ltr-1_family-6	LTR	Unknown
ltr-1_family-7	LTR	Unknown
ltr-1_family-8	LTR	Unknown
ltr-1_family-9	LTR	Unknown
ltr-1_family-10	LTR	Gypsy
rnd-1_family-298	Unknown	Unknown
rnd-1_family-240	Unknown	Unknown
rnd-1_family-0	Unknown	Unknown
rnd-1_family-73	Unknown	Unknown
rnd-1_family-169	Unknown	Unknown
rnd-1_family-215	Unknown	Unknown
rnd-1_family-41	Unknown	Unknown
rnd-1_family-366	Unknown	Unknown
rnd-1_family-51	Unknown	Unknown
rnd-1_family-349	Unknown	Unknown
rnd-1_family-275	Unknown	Unknown
rnd-1_family-262	Unknown	Unknown
rnd-1_family-370	Unknown	Unknown
rnd-1_family-273	Unknown	Unknown
rnd-1_family-315	Unknown	Unknown
rnd-1_family-71	Unknown	Unknown
rnd-1_family-302	Unknown	Unknown
rnd-1_family-98	Unknown	Unknown
rnd-1_family-346	Unknown	Unknown
rnd-1_family-171	Unknown	Unknown
rnd-1_family-295	Unknown	Unknown
rnd-1_family-305	Unknown	Unknown
rnd-1_family-95	Unknown	Unknown
rnd-1_family-350	Unknown	Unknown
rnd-1_family-256	Unknown	Unknown
rnd-1_family-20	Unknown	Unknown
rnd-1_family-105	Unknown	Unknown
rnd-1_family-126	Unknown	Unknown
rnd-1_family-330	Unknown	Unknown
rnd-1_family-185	Unknown	Unknown
rnd-1_family-154	Unknown	Unknown
rnd-1_family-40	Unknown	Unknown
rnd-1_family-299	Unknown	Unknown
rnd-1_family-61	Unknown	Unknown
rnd-1_family-114	Unknown	Unknown
rnd-1_family-219	Unknown	Unknown
rnd-1_family-351	Unknown	Unknown
rnd-1_family-138	Unknown	Unknown
rnd-1_family-54	Unknown	Unknown
rnd-1_family-92	Unknown	Unknown
rnd-1_family-353	Unknown	Unknown
rnd-1_family-195	Unknown	Unknown
rnd-1_family-324	Unknown	Unknown
rnd-1_family-362	Unknown	Unknown
rnd-1_family-89	Unknown	Unknown
rnd-1_family-251	Unknown	Unknown
rnd-1_family-311	Unknown	Unknown
rnd-1_family-100	Unknown	Unknown
rnd-1_family-369	Unknown	Unknown
rnd-1_family-36	Unknown	Unknown
rnd-1_family-277	DNA	hAT-Ac
rnd-1_family-170	Unknown	Unknown
rnd-1_family-135	Unknown	Unknown
rnd-1_family-32	Unknown	Unknown
rnd-1_family-74	Unknown	Unknown
rnd-1_family-265	Unknown	Unknown
rnd-1_family-157	Unknown	Unknown
rnd-1_family-197	Unknown	Unknown
rnd-1_family-309	Unknown	Unknown
rnd-1_family-161	Unknown	Unknown
rnd-1_family-278	Unknown	Unknown
rnd-1_family-347	Unknown	Unknown
rnd-1_family-341	Unknown	Unknown
rnd-1_family-367	Unknown	Unknown
rnd-1_family-378	Unknown	Unknown
rnd-1_family-21	Unknown	Unknown
rnd-1_family-340	Unknown	Unknown
rnd-1_family-174	Unknown	Unknown
rnd-1_family-53	Unknown	Unknown
rnd-1_family-83	Unknown	Unknown
rnd-1_family-181	Unknown	Unknown
rnd-1_family-14	Unknown	Unknown
rnd-1_family-231	Unknown	Unknown
rnd-1_family-286	Unknown	Unknown
rnd-1_family-118	Unknown	Unknown
rnd-1_family-242	Unknown	Unknown
rnd-1_family-238	Unknown	Unknown
rnd-1_family-248	Unknown	Unknown
rnd-1_family-29	Unknown	Unknown
rnd-1_family-335	Unknown	Unknown
rnd-1_family-230	Unknown	Unknown
rnd-1_family-113	Unknown	Unknown
rnd-1_family-216	Unknown	Unknown
rnd-1_family-223	Unknown	Unknown
rnd-1_family-122	Unknown	Unknown
rnd-1_family-39	Unknown	Unknown
rnd-1_family-276	Unknown	Unknown
rnd-1_family-34	Unknown	Unknown
rnd-1_family-6	Unknown	Unknown
rnd-1_family-120	Unknown	Unknown
rnd-1_family-296	Unknown	Unknown
rnd-1_family-245	Unknown	Unknown
rnd-1_family-300	Unknown	Unknown
rnd-1_family-25	Unknown	Unknown
rnd-1_family-202	Unknown	Unknown
rnd-1_family-371	Unknown	Unknown
rnd-1_family-214	Unknown	Unknown
rnd-1_family-70	Unknown	Unknown
rnd-1_family-82	Unknown	Unknown
rnd-1_family-78	Simple_repeat	Unknown
rnd-1_family-221	Unknown	Unknown
rnd-1_family-352	Unknown	Unknown
rnd-1_family-211	Unknown	Unknown
rnd-1_family-220	Unknown	Unknown
rnd-1_family-306	Unknown	Unknown
rnd-1_family-312	Unknown	Unknown
rnd-1_family-125	Unknown	Unknown
rnd-1_family-266	Unknown	Unknown
rnd-1_family-338	Unknown	Unknown
rnd-1_family-288	Unknown	Unknown
rnd-1_family-224	Unknown	Unknown
rnd-1_family-268	Unknown	Unknown
rnd-1_family-354	Unknown	Unknown
rnd-1_family-190	Unknown	Unknown
rnd-1_family-57	Unknown	Unknown
rnd-1_family-93	Unknown	Unknown
rnd-1_family-317	Unknown	Unknown
rnd-1_family-46	Unknown	Unknown
rnd-1_family-47	Unknown	Unknown
rnd-1_family-102	Unknown	Unknown
rnd-1_family-87	Unknown	Unknown
rnd-1_family-103	Simple_repeat	Unknown
rnd-1_family-24	Unknown	Unknown
rnd-1_family-31	Unknown	Unknown
rnd-1_family-232	Unknown	Unknown
rnd-1_family-360	Unknown	Unknown
rnd-1_family-234	Unknown	Unknown
rnd-1_family-191	Unknown	Unknown
rnd-1_family-96	Unknown	Unknown
rnd-1_family-115	DNA	IS3EU
rnd-1_family-121	Unknown	Unknown
rnd-1_family-357	Unknown	Unknown
rnd-1_family-293	Unknown	Unknown
rnd-1_family-333	Unknown	Unknown
rnd-1_family-319	Unknown	Unknown
rnd-1_family-294	Unknown	Unknown
rnd-1_family-10	Unknown	Unknown
rnd-1_family-368	Unknown	Unknown
rnd-1_family-4	Unknown	Unknown
rnd-1_family-111	Unknown	Unknown
rnd-1_family-147	Unknown	Unknown
rnd-1_family-177	Unknown	Unknown
rnd-1_family-228	Unknown	Unknown
rnd-1_family-55	Unknown	Unknown
rnd-1_family-44	Unknown	Unknown
rnd-1_family-255	Unknown	Unknown
rnd-1_family-287	Unknown	Unknown
rnd-1_family-150	Unknown	Unknown
rnd-1_family-136	Unknown	Unknown
rnd-1_family-50	Unknown	Unknown
rnd-1_family-65	Unknown	Unknown
rnd-1_family-141	Unknown	Unknown
rnd-1_family-203	Unknown	Unknown
rnd-1_family-68	Unknown	Unknown
rnd-1_family-198	Simple_repeat	Unknown
rnd-1_family-30	Unknown	Unknown
rnd-1_family-361	Unknown	Unknown
rnd-1_family-303	Unknown	Unknown
rnd-1_family-123	Unknown	Unknown
rnd-1_family-112	Unknown	Unknown
rnd-1_family-7	Unknown	Unknown
rnd-1_family-313	Unknown	Unknown
rnd-1_family-326	Unknown	Unknown
rnd-1_family-259	Unknown	Unknown
rnd-1_family-199	Unknown	Unknown
rnd-1_family-168	Unknown	Unknown
rnd-1_family-137	Unknown	Unknown
rnd-1_family-144	Simple_repeat	Unknown
rnd-1_family-189	Unknown	Unknown
rnd-1_family-200	Simple_repeat	Unknown
rnd-1_family-374	Unknown	Unknown
rnd-1_family-72	Unknown	Unknown
rnd-1_family-325	Unknown	Unknown
rnd-1_family-85	Unknown	Unknown
rnd-1_family-229	Unknown	Unknown
rnd-1_family-35	Unknown	Unknown
rnd-1_family-80	Unknown	Unknown
rnd-1_family-328	Unknown	Unknown
rnd-1_family-257	DNA	hAT-Blackjack
rnd-1_family-320	Unknown	Unknown
rnd-1_family-151	Unknown	Unknown
rnd-1_family-110	Unknown	Unknown
rnd-1_family-2	Unknown	Unknown
rnd-1_family-206	Unknown	Unknown
rnd-1_family-282	Unknown	Unknown
rnd-1_family-104	DNA	Ginger-1
rnd-1_family-129	Simple_repeat	Unknown
rnd-1_family-233	Unknown	Unknown
rnd-1_family-17	Unknown	Unknown
rnd-1_family-363	Unknown	Unknown
rnd-1_family-239	Unknown	Unknown
rnd-1_family-372	Unknown	Unknown
rnd-1_family-162	Unknown	Unknown
rnd-1_family-344	Unknown	Unknown
rnd-1_family-304	Unknown	Unknown
rnd-1_family-285	Unknown	Unknown
rnd-1_family-109	Unknown	Unknown
rnd-1_family-99	Unknown	Unknown
rnd-1_family-180	Unknown	Unknown
rnd-1_family-178	Unknown	Unknown
rnd-1_family-246	Unknown	Unknown
rnd-1_family-260	Unknown	Unknown
rnd-1_family-193	Unknown	Unknown
rnd-1_family-91	Unknown	Unknown
rnd-1_family-208	Unknown	Unknown
rnd-1_family-64	Unknown	Unknown
rnd-1_family-119	Unknown	Unknown
rnd-1_family-76	Unknown	Unknown
rnd-1_family-164	Unknown	Unknown
rnd-1_family-145	Unknown	Unknown
rnd-1_family-289	Unknown	Unknown
rnd-1_family-158	Unknown	Unknown
rnd-1_family-192	Unknown	Unknown
rnd-1_family-153	Unknown	Unknown
rnd-1_family-252	Unknown	Unknown
rnd-1_family-75	Unknown	Unknown
rnd-1_family-63	Unknown	Unknown
rnd-1_family-38	Unknown	Unknown
rnd-1_family-5	Unknown	Unknown
rnd-1_family-183	Unknown	Unknown
rnd-1_family-204	Unknown	Unknown
rnd-1_family-207	Unknown	Unknown
rnd-1_family-1	Unknown	Unknown
rnd-1_family-16	Unknown	Unknown
rnd-1_family-186	Simple_repeat	Unknown
rnd-1_family-283	Simple_repeat	Unknown
rnd-1_family-101	Unknown	Unknown
rnd-1_family-332	Unknown	Unknown
rnd-1_family-222	Unknown	Unknown
rnd-1_family-11	Unknown	Unknown
rnd-1_family-209	Unknown	Unknown
rnd-1_family-258	Unknown	Unknown
rnd-1_family-132	Unknown	Unknown
rnd-1_family-19	Unknown	Unknown
rnd-1_family-33	Unknown	Unknown
rnd-1_family-86	Unknown	Unknown
rnd-1_family-152	Unknown	Unknown
rnd-1_family-280	Unknown	Unknown
rnd-1_family-159	Unknown	Unknown
rnd-1_family-52	Unknown	Unknown
rnd-1_family-337	Unknown	Unknown
rnd-1_family-134	Unknown	Unknown
rnd-1_family-84	Satellite	Unknown
rnd-1_family-329	Unknown	Unknown
rnd-1_family-331	Unknown	Unknown
rnd-1_family-26	Unknown	Unknown
rnd-1_family-79	Unknown	Unknown
rnd-1_family-146	Unknown	Unknown
rnd-1_family-13	Unknown	Unknown
rnd-1_family-290	Unknown	Unknown
rnd-1_family-241	Unknown	Unknown
rnd-1_family-117	Unknown	Unknown
rnd-1_family-23	Unknown	Unknown
rnd-1_family-364	Unknown	Unknown
rnd-1_family-213	Unknown	Unknown
rnd-1_family-359	Unknown	Unknown
rnd-1_family-261	Unknown	Unknown
rnd-1_family-272	Unknown	Unknown
rnd-1_family-314	Unknown	Unknown
rnd-1_family-165	Unknown	Unknown
rnd-1_family-249	Unknown	Unknown
rnd-1_family-107	Unknown	Unknown
rnd-1_family-267	Unknown	Unknown
rnd-1_family-167	Unknown	Unknown
rnd-1_family-348	Unknown	Unknown
rnd-1_family-250	Unknown	Unknown
rnd-1_family-270	Unknown	Unknown
rnd-1_family-307	Unknown	Unknown
rnd-1_family-210	Unknown	Unknown
rnd-1_family-205	Unknown	Unknown
rnd-1_family-142	Unknown	Unknown
rnd-1_family-225	Unknown	Unknown
rnd-1_family-156	Unknown	Unknown
rnd-1_family-187	Unknown	Unknown
rnd-1_family-28	Unknown	Unknown
rnd-1_family-42	Unknown	Unknown
rnd-1_family-301	Unknown	Unknown
rnd-1_family-58	Satellite	Unknown
rnd-1_family-139	Unknown	Unknown
rnd-1_family-106	Unknown	Unknown
rnd-1_family-173	Unknown	Unknown
rnd-1_family-90	Satellite	Unknown
rnd-1_family-264	Unknown	Unknown
rnd-1_family-184	Unknown	Unknown
rnd-1_family-247	Unknown	Unknown
rnd-1_family-342	Unknown	Unknown
rnd-1_family-60	Unknown	Unknown
rnd-1_family-27	Unknown	Unknown
rnd-1_family-343	Unknown	Unknown
rnd-1_family-263	Simple_repeat	Unknown
rnd-1_family-212	Unknown	Unknown
rnd-1_family-291	Unknown	Unknown
rnd-1_family-318	Unknown	Unknown
rnd-1_family-45	Unknown	Unknown
rnd-1_family-243	Unknown	Unknown
rnd-1_family-345	Unknown	Unknown
rnd-1_family-77	Unknown	Unknown
rnd-1_family-94	Unknown	Unknown
rnd-1_family-155	Unknown	Unknown
rnd-1_family-217	Unknown	Unknown
rnd-1_family-365	Unknown	Unknown
rnd-1_family-124	Unknown	Unknown
rnd-1_family-22	Unknown	Unknown
rnd-1_family-9	Unknown	Unknown
rnd-1_family-69	Unknown	Unknown
rnd-1_family-175	Unknown	Unknown
rnd-1_family-226	Unknown	Unknown
rnd-1_family-97	Unknown	Unknown
rnd-1_family-321	Unknown	Unknown
rnd-1_family-218	Unknown	Unknown
rnd-1_family-336	Unknown	Unknown
rnd-1_family-149	Unknown	Unknown
rnd-1_family-274	Unknown	Unknown
rnd-1_family-66	Unknown	Unknown
rnd-1_family-196	Unknown	Unknown
rnd-1_family-127	Unknown	Unknown
rnd-1_family-8	Unknown	Unknown
rnd-1_family-235	Unknown	Unknown
rnd-1_family-188	Unknown	Unknown
rnd-1_family-88	Unknown	Unknown
rnd-1_family-308	Unknown	Unknown
rnd-1_family-244	Unknown	Unknown
rnd-1_family-182	Unknown	Unknown
rnd-1_family-3	Unknown	Unknown
rnd-1_family-56	Unknown	Unknown
rnd-1_family-62	Unknown	Unknown
rnd-1_family-48	Unknown	Unknown
rnd-1_family-12	Unknown	Unknown
rnd-1_family-227	Unknown	Unknown
rnd-1_family-133	Unknown	Unknown
rnd-1_family-375	Unknown	Unknown
rnd-1_family-310	Unknown	Unknown
rnd-1_family-316	Unknown	Unknown
rnd-1_family-236	Unknown	Unknown
rnd-1_family-355	Unknown	Unknown
rnd-1_family-160	Unknown	Unknown
rnd-1_family-327	Unknown	Unknown
rnd-1_family-37	Unknown	Unknown
rnd-1_family-130	DNA	hAT-hAT19
rnd-1_family-322	Unknown	Unknown
rnd-1_family-254	Unknown	Unknown
rnd-1_family-15	Unknown	Unknown
rnd-1_family-279	Unknown	Unknown
rnd-1_family-43	Unknown	Unknown
rnd-1_family-376	Unknown	Unknown
rnd-1_family-131	Unknown	Unknown
rnd-1_family-253	Unknown	Unknown
rnd-1_family-201	Unknown	Unknown
rnd-1_family-18	Unknown	Unknown
rnd-1_family-116	Unknown	Unknown
rnd-1_family-81	Unknown	Unknown
rnd-1_family-339	Unknown	Unknown
rnd-1_family-140	Unknown	Unknown
rnd-1_family-237	Unknown	Unknown
rnd-1_family-377	Unknown	Unknown
rnd-1_family-128	Unknown	Unknown
rnd-1_family-379	Unknown	Unknown
rnd-1_family-380	Unknown	Unknown
rnd-1_family-67	Simple_repeat	Unknown
rnd-1_family-323	Unknown	Unknown
rnd-1_family-143	Unknown	Unknown
rnd-1_family-381	Unknown	Unknown
rnd-1_family-281	Unknown	Unknown
rnd-1_family-172	Unknown	Unknown
rnd-1_family-49	Unknown	Unknown
rnd-1_family-59	Unknown	Unknown
rnd-1_family-269	Unknown	Unknown
rnd-1_family-194	Unknown	Unknown
rnd-1_family-148	Unknown	Unknown
rnd-1_family-356	Unknown	Unknown
rnd-1_family-385	Unknown	Unknown
rnd-1_family-271	Unknown	Unknown
rnd-1_family-179	Unknown	Unknown
rnd-1_family-373	Unknown	Unknown
rnd-1_family-386	Unknown	Unknown
rnd-1_family-387	Unknown	Unknown
rnd-1_family-384	Unknown	Unknown
rnd-1_family-388	Unknown	Unknown
rnd-1_family-382	Unknown	Unknown
rnd-1_family-383	Unknown	Unknown
rnd-1_family-389	Simple_repeat	Unknown
rnd-1_family-390	Unknown	Unknown
rnd-1_family-391	Unknown	Unknown
rnd-1_family-392	Unknown	Unknown
rnd-1_family-393	Unknown	Unknown
rnd-1_family-292	Unknown	Unknown
rnd-1_family-284	Unknown	Unknown
rnd-1_family-166	Unknown	Unknown
rnd-1_family-394	Unknown	Unknown
rnd-1_family-334	Unknown	Unknown
rnd-1_family-297	Unknown	Unknown
rnd-1_family-396	Unknown	Unknown
rnd-1_family-397	Unknown	Unknown
rnd-1_family-398	Unknown	Unknown
rnd-1_family-399	Unknown	Unknown
rnd-1_family-108	Unknown	Unknown
rnd-1_family-358	Unknown	Unknown
rnd-1_family-400	Unknown	Unknown
rnd-1_family-401	Unknown	Unknown
rnd-1_family-403	Unknown	Unknown
rnd-1_family-404	DNA	hAT-Blackjack
rnd-1_family-405	Unknown	Unknown
rnd-1_family-395	Unknown	Unknown
rnd-1_family-406	Unknown	Unknown
rnd-1_family-407	Unknown	Unknown
rnd-1_family-408	Unknown	Unknown
rnd-1_family-409	Unknown	Unknown
rnd-1_family-411	Unknown	Unknown
rnd-1_family-413	Unknown	Unknown
rnd-1_family-410	Unknown	Unknown
rnd-1_family-163	Unknown	Unknown
rnd-1_family-412	Unknown	Unknown
rnd-1_family-414	Unknown	Unknown
rnd-1_family-402	Unknown	Unknown
rnd-1_family-415	Unknown	Unknown
rnd-1_family-416	Unknown	Unknown
rnd-1_family-417	Unknown	Unknown
rnd-1_family-418	Unknown	Unknown
rnd-1_family-419	Unknown	Unknown
rnd-1_family-420	Unknown	Unknown
rnd-1_family-421	Unknown	Unknown
rnd-1_family-422	Unknown	Unknown
rnd-1_family-423	Simple_repeat	Unknown
rnd-1_family-424	Unknown	Unknown
rnd-1_family-425	Unknown	Unknown
rnd-1_family-426	Unknown	Unknown
rnd-1_family-427	Unknown	Unknown
rnd-1_family-429	Unknown	Unknown
rnd-1_family-430	Unknown	Unknown
rnd-1_family-432	Simple_repeat	Unknown
rnd-1_family-433	Unknown	Unknown
rnd-1_family-428	Unknown	Unknown
rnd-1_family-431	Unknown	Unknown
rnd-1_family-434	Unknown	Unknown
rnd-1_family-435	Unknown	Unknown
rnd-1_family-436	Unknown	Unknown
rnd-1_family-437	Unknown	Unknown
rnd-1_family-438	Unknown	Unknown
rnd-1_family-439	Unknown	Unknown
rnd-1_family-440	Unknown	Unknown
rnd-1_family-441	Unknown	Unknown
rnd-1_family-442	Unknown	Unknown
rnd-1_family-443	Unknown	Unknown
rnd-1_family-444	Unknown	Unknown
rnd-1_family-445	Unknown	Unknown
rnd-1_family-446	Unknown	Unknown
rnd-1_family-448	Unknown	Unknown
rnd-1_family-449	Unknown	Unknown
rnd-1_family-450	Unknown	Unknown
rnd-1_family-451	Unknown	Unknown
rnd-1_family-452	Unknown	Unknown
rnd-1_family-453	Unknown	Unknown
rnd-1_family-455	Unknown	Unknown
rnd-1_family-456	Unknown	Unknown
rnd-1_family-447	Unknown	Unknown
rnd-1_family-457	Unknown	Unknown
rnd-1_family-458	Unknown	Unknown
rnd-1_family-459	Unknown	Unknown
rnd-1_family-460	Unknown	Unknown
rnd-1_family-461	Unknown	Unknown
rnd-1_family-462	Unknown	Unknown
rnd-1_family-454	Unknown	Unknown
rnd-1_family-463	Unknown	Unknown
rnd-1_family-464	Unknown	Unknown
rnd-1_family-465	Unknown	Unknown
rnd-1_family-466	Unknown	Unknown
rnd-1_family-467	Unknown	Unknown
rnd-1_family-469	Unknown	Unknown
rnd-1_family-470	Unknown	Unknown
rnd-1_family-471	Unknown	Unknown
rnd-1_family-468	Unknown	Unknown
rnd-1_family-472	Unknown	Unknown
rnd-1_family-473	Unknown	Unknown
rnd-1_family-474	DNA	hAT-Tag1
rnd-1_family-475	Unknown	Unknown
rnd-1_family-476	Unknown	Unknown
rnd-1_family-477	Unknown	Unknown
rnd-1_family-478	Unknown	Unknown
rnd-1_family-480	Unknown	Unknown
rnd-1_family-481	Unknown	Unknown
rnd-1_family-482	Unknown	Unknown
rnd-1_family-483	Unknown	Unknown
rnd-1_family-479	Unknown	Unknown
rnd-1_family-484	Unknown	Unknown
rnd-1_family-485	Unknown	Unknown
rnd-1_family-486	Unknown	Unknown
rnd-1_family-487	Unknown	Unknown
rnd-1_family-488	Unknown	Unknown
rnd-1_family-489	Unknown	Unknown
rnd-1_family-490	Unknown	Unknown
rnd-1_family-491	Unknown	Unknown
rnd-1_family-492	Unknown	Unknown
rnd-1_family-493	Unknown	Unknown
rnd-1_family-494	Unknown	Unknown
rnd-1_family-495	Unknown	Unknown
rnd-1_family-496	Unknown	Unknown
rnd-1_family-497	Unknown	Unknown
rnd-1_family-498	Unknown	Unknown
rnd-1_family-499	Unknown	Unknown
rnd-1_family-500	Unknown	Unknown
rnd-1_family-501	Unknown	Unknown
rnd-1_family-502	Unknown	Unknown
rnd-1_family-503	Unknown	Unknown
rnd-1_family-504	Unknown	Unknown
rnd-1_family-505	Unknown	Unknown
rnd-1_family-506	Unknown	Unknown
rnd-1_family-507	Unknown	Unknown
rnd-1_family-508	Unknown	Unknown
rnd-1_family-509	Simple_repeat	Unknown
rnd-1_family-510	Unknown	Unknown
rnd-1_family-511	Unknown	Unknown
rnd-1_family-512	Unknown	Unknown
rnd-1_family-513	Unknown	Unknown
rnd-1_family-514	Unknown	Unknown
rnd-1_family-515	Unknown	Unknown
rnd-1_family-516	Unknown	Unknown
rnd-1_family-517	Unknown	Unknown
rnd-1_family-518	Unknown	Unknown
rnd-1_family-519	Unknown	Unknown
rnd-1_family-520	Unknown	Unknown
rnd-1_family-521	Unknown	Unknown
rnd-1_family-522	Unknown	Unknown
rnd-1_family-523	Unknown	Unknown
rnd-1_family-524	Unknown	Unknown
rnd-1_family-525	Unknown	Unknown
rnd-1_family-526	Unknown	Unknown
rnd-1_family-527	Unknown	Unknown
rnd-1_family-528	Unknown	Unknown
rnd-1_family-530	Unknown	Unknown
rnd-1_family-531	Unknown	Unknown
rnd-1_family-532	Unknown	Unknown
rnd-1_family-533	Unknown	Unknown
rnd-1_family-534	Unknown	Unknown
rnd-1_family-529	Unknown	Unknown
rnd-1_family-535	Unknown	Unknown
rnd-1_family-536	Unknown	Unknown
rnd-1_family-537	Unknown	Unknown
rnd-1_family-538	Unknown	Unknown
rnd-1_family-539	Unknown	Unknown
rnd-1_family-540	Unknown	Unknown
rnd-1_family-541	Unknown	Unknown
rnd-1_family-542	Unknown	Unknown
rnd-1_family-543	Unknown	Unknown
rnd-1_family-544	Unknown	Unknown
rnd-1_family-546	Unknown	Unknown
rnd-1_family-547	Unknown	Unknown
rnd-1_family-548	Unknown	Unknown
rnd-1_family-550	Unknown	Unknown
rnd-1_family-551	Unknown	Unknown
rnd-1_family-552	Unknown	Unknown
rnd-1_family-553	Unknown	Unknown
rnd-1_family-554	Unknown	Unknown
rnd-1_family-555	Unknown	Unknown
rnd-1_family-549	Unknown	Unknown
rnd-1_family-556	Unknown	Unknown
rnd-1_family-557	Unknown	Unknown
rnd-1_family-558	Unknown	Unknown
rnd-1_family-559	Unknown	Unknown
rnd-1_family-560	Unknown	Unknown
rnd-1_family-561	Unknown	Unknown
rnd-1_family-545	DNA	hAT-Ac
rnd-1_family-562	rRNA	Unknown
rnd-1_family-563	Unknown	Unknown
rnd-1_family-564	Unknown	Unknown
rnd-1_family-565	Unknown	Unknown
rnd-1_family-566	Unknown	Unknown
rnd-1_family-567	Unknown	Unknown
rnd-1_family-568	Unknown	Unknown
rnd-1_family-569	Unknown	Unknown
rnd-1_family-570	Unknown	Unknown
rnd-1_family-571	Unknown	Unknown
rnd-1_family-572	Unknown	Unknown
rnd-1_family-573	Unknown	Unknown
rnd-1_family-574	Unknown	Unknown
rnd-1_family-575	Unknown	Unknown
rnd-1_family-576	Unknown	Unknown
rnd-1_family-577	Unknown	Unknown
rnd-1_family-578	Unknown	Unknown
rnd-1_family-579	Unknown	Unknown
rnd-1_family-580	Unknown	Unknown
rnd-1_family-581	Unknown	Unknown
rnd-1_family-582	Unknown	Unknown
rnd-1_family-583	Unknown	Unknown
rnd-1_family-584	Unknown	Unknown
rnd-1_family-585	Unknown	Unknown
rnd-1_family-586	Unknown	Unknown
rnd-1_family-587	Unknown	Unknown
rnd-1_family-588	Unknown	Unknown
rnd-1_family-589	Unknown	Unknown
rnd-1_family-590	Unknown	Unknown
rnd-1_family-591	Unknown	Unknown
rnd-1_family-592	Unknown	Unknown
rnd-1_family-593	Unknown	Unknown
rnd-1_family-594	Unknown	Unknown
rnd-1_family-596	Unknown	Unknown
rnd-1_family-597	Unknown	Unknown
rnd-1_family-598	Unknown	Unknown
rnd-1_family-599	Unknown	Unknown
rnd-1_family-600	Unknown	Unknown
rnd-1_family-601	Unknown	Unknown
rnd-1_family-595	Unknown	Unknown
rnd-1_family-602	Unknown	Unknown
rnd-1_family-603	Unknown	Unknown
rnd-1_family-604	Unknown	Unknown
rnd-1_family-605	Unknown	Unknown
rnd-1_family-606	Unknown	Unknown
rnd-1_family-607	Unknown	Unknown
rnd-1_family-609	Unknown	Unknown
rnd-1_family-610	Unknown	Unknown
rnd-1_family-611	Unknown	Unknown
rnd-1_family-612	Unknown	Unknown
rnd-1_family-613	Unknown	Unknown
rnd-1_family-614	Unknown	Unknown
rnd-1_family-615	Unknown	Unknown
rnd-1_family-608	Unknown	Unknown
rnd-1_family-616	Unknown	Unknown
rnd-1_family-617	Unknown	Unknown
rnd-1_family-618	Unknown	Unknown
rnd-1_family-619	Unknown	Unknown
rnd-1_family-620	Unknown	Unknown
rnd-1_family-624	Unknown	Unknown
rnd-1_family-625	Unknown	Unknown
rnd-1_family-626	Unknown	Unknown
rnd-1_family-627	Unknown	Unknown
rnd-1_family-628	Unknown	Unknown
rnd-1_family-622	Unknown	Unknown
rnd-1_family-629	Unknown	Unknown
rnd-1_family-630	Unknown	Unknown
rnd-1_family-631	Unknown	Unknown
rnd-1_family-632	Unknown	Unknown
rnd-1_family-623	Unknown	Unknown
rnd-1_family-635	Unknown	Unknown
rnd-1_family-636	Unknown	Unknown
rnd-1_family-634	Unknown	Unknown
rnd-1_family-633	Unknown	Unknown
rnd-1_family-637	Unknown	Unknown
rnd-1_family-638	Unknown	Unknown
rnd-1_family-639	Unknown	Unknown
rnd-1_family-640	Unknown	Unknown
rnd-1_family-641	Unknown	Unknown
rnd-1_family-642	Unknown	Unknown
rnd-1_family-643	Unknown	Unknown
rnd-1_family-644	Unknown	Unknown
rnd-1_family-645	Unknown	Unknown
rnd-1_family-646	snRNA	Unknown
rnd-1_family-647	Unknown	Unknown
rnd-1_family-648	Unknown	Unknown
rnd-1_family-649	Unknown	Unknown
rnd-1_family-650	Unknown	Unknown
rnd-1_family-651	Unknown	Unknown
rnd-1_family-652	Unknown	Unknown
rnd-1_family-653	Unknown	Unknown
rnd-1_family-654	Unknown	Unknown
rnd-1_family-655	Unknown	Unknown
rnd-1_family-656	Unknown	Unknown
rnd-1_family-657	Unknown	Unknown
rnd-1_family-658	Unknown	Unknown
rnd-1_family-659	Unknown	Unknown
rnd-1_family-660	Unknown	Unknown
rnd-1_family-661	Unknown	Unknown
rnd-1_family-662	Unknown	Unknown
rnd-1_family-663	Unknown	Unknown
rnd-1_family-664	Unknown	Unknown
rnd-1_family-665	Unknown	Unknown
rnd-1_family-666	Unknown	Unknown
rnd-1_family-667	Unknown	Unknown
rnd-1_family-669	Unknown	Unknown
rnd-1_family-670	Unknown	Unknown
rnd-1_family-671	Unknown	Unknown
rnd-1_family-672	Unknown	Unknown
rnd-1_family-673	Unknown	Unknown
rnd-1_family-674	Unknown	Unknown
rnd-1_family-675	Unknown	Unknown
rnd-1_family-676	Unknown	Unknown
rnd-1_family-677	Unknown	Unknown
rnd-1_family-678	Unknown	Unknown
rnd-1_family-679	Unknown	Unknown
rnd-1_family-680	Unknown	Unknown
rnd-1_family-621	Unknown	Unknown
rnd-1_family-681	Unknown	Unknown
rnd-1_family-682	Unknown	Unknown
rnd-1_family-683	Unknown	Unknown
rnd-1_family-668	Unknown	Unknown
rnd-1_family-684	Unknown	Unknown
rnd-1_family-685	Unknown	Unknown
rnd-1_family-686	Unknown	Unknown
rnd-1_family-687	Unknown	Unknown
rnd-1_family-688	Unknown	Unknown
rnd-1_family-689	Unknown	Unknown
rnd-1_family-690	Unknown	Unknown
rnd-1_family-691	Unknown	Unknown
rnd-1_family-692	Unknown	Unknown
rnd-1_family-693	Unknown	Unknown
rnd-1_family-694	Unknown	Unknown
rnd-1_family-695	Unknown	Unknown
rnd-1_family-696	Unknown	Unknown
rnd-1_family-697	Unknown	Unknown
rnd-1_family-698	Unknown	Unknown
rnd-1_family-699	Unknown	Unknown
rnd-1_family-700	Unknown	Unknown
rnd-1_family-701	Unknown	Unknown
rnd-1_family-702	Unknown	Unknown
rnd-1_family-703	Unknown	Unknown
rnd-1_family-704	Unknown	Unknown
rnd-1_family-705	Unknown	Unknown
rnd-1_family-706	Unknown	Unknown
rnd-1_family-707	Unknown	Unknown
rnd-1_family-708	Unknown	Unknown
rnd-1_family-709	Unknown	Unknown
rnd-1_family-710	Unknown	Unknown
rnd-1_family-711	Unknown	Unknown
rnd-1_family-712	Unknown	Unknown
rnd-1_family-713	Unknown	Unknown
rnd-1_family-714	Unknown	Unknown
rnd-1_family-715	Unknown	Unknown
rnd-1_family-716	Unknown	Unknown
rnd-1_family-717	Unknown	Unknown
rnd-1_family-718	Unknown	Unknown
rnd-1_family-719	Unknown	Unknown
rnd-1_family-720	Unknown	Unknown
rnd-1_family-721	Unknown	Unknown
rnd-1_family-722	Unknown	Unknown
rnd-1_family-723	Unknown	Unknown
rnd-1_family-724	Unknown	Unknown
rnd-1_family-725	Unknown	Unknown
rnd-1_family-726	Unknown	Unknown
rnd-1_family-727	snRNA	Unknown
rnd-1_family-728	Unknown	Unknown
rnd-1_family-729	Unknown	Unknown
rnd-1_family-730	Unknown	Unknown
rnd-1_family-731	Unknown	Unknown
rnd-1_family-732	Unknown	Unknown
rnd-1_family-733	Unknown	Unknown
rnd-1_family-734	Unknown	Unknown
rnd-1_family-735	Unknown	Unknown
rnd-1_family-736	Unknown	Unknown
rnd-1_family-737	Unknown	Unknown
rnd-1_family-738	Unknown	Unknown
rnd-1_family-739	Unknown	Unknown
rnd-1_family-740	Unknown	Unknown
rnd-1_family-741	Unknown	Unknown
rnd-1_family-742	Unknown	Unknown
rnd-1_family-743	Unknown	Unknown
rnd-1_family-744	Unknown	Unknown
rnd-1_family-745	Unknown	Unknown
rnd-1_family-746	Unknown	Unknown
rnd-1_family-747	Unknown	Unknown
rnd-1_family-748	Unknown	Unknown
rnd-1_family-749	Unknown	Unknown
rnd-1_family-750	Unknown	Unknown
rnd-1_family-751	Unknown	Unknown
rnd-1_family-752	Unknown	Unknown
rnd-1_family-753	DNA	Maverick
rnd-1_family-754	Unknown	Unknown
rnd-1_family-755	Unknown	Unknown
rnd-1_family-756	Unknown	Unknown
rnd-1_family-757	Unknown	Unknown
rnd-1_family-758	Unknown	Unknown
rnd-1_family-759	Unknown	Unknown
rnd-1_family-760	Unknown	Unknown
rnd-1_family-761	Unknown	Unknown
rnd-1_family-762	Unknown	Unknown
rnd-1_family-763	Unknown	Unknown
rnd-1_family-764	Unknown	Unknown
rnd-1_family-765	Unknown	Unknown
rnd-1_family-766	Unknown	Unknown
rnd-1_family-767	Unknown	Unknown
rnd-1_family-768	Unknown	Unknown
rnd-1_family-769	Unknown	Unknown
rnd-1_family-770	Unknown	Unknown
rnd-1_family-771	Unknown	Unknown
rnd-1_family-772	Unknown	Unknown
rnd-1_family-773	Unknown	Unknown
rnd-1_family-774	Unknown	Unknown
rnd-1_family-775	Unknown	Unknown
rnd-1_family-776	Unknown	Unknown
rnd-1_family-777	Unknown	Unknown
rnd-1_family-778	Unknown	Unknown
rnd-1_family-779	Unknown	Unknown
rnd-1_family-780	Unknown	Unknown
rnd-1_family-781	DNA	hAT-Ac
rnd-1_family-782	Unknown	Unknown
rnd-1_family-783	Unknown	Unknown
rnd-1_family-784	Unknown	Unknown
rnd-1_family-785	Unknown	Unknown
rnd-1_family-786	Unknown	Unknown
rnd-1_family-787	Unknown	Unknown
rnd-1_family-788	Unknown	Unknown
rnd-1_family-789	snRNA	Unknown
rnd-1_family-790	Unknown	Unknown
rnd-1_family-791	Unknown	Unknown
rnd-1_family-792	Unknown	Unknown
rnd-1_family-793	Unknown	Unknown
rnd-1_family-794	Unknown	Unknown
rnd-1_family-795	Unknown	Unknown
rnd-1_family-796	Unknown	Unknown
rnd-1_family-797	Unknown	Unknown
rnd-1_family-798	Unknown	Unknown
rnd-1_family-799	Unknown	Unknown
rnd-1_family-800	Unknown	Unknown
rnd-1_family-801	Unknown	Unknown
rnd-1_family-802	Unknown	Unknown
rnd-1_family-804	Unknown	Unknown
rnd-1_family-805	Unknown	Unknown
rnd-1_family-806	Unknown	Unknown
rnd-1_family-807	Unknown	Unknown
rnd-1_family-808	Unknown	Unknown
rnd-1_family-809	Unknown	Unknown
rnd-1_family-810	Unknown	Unknown
rnd-1_family-811	Unknown	Unknown
rnd-1_family-812	Unknown	Unknown
rnd-1_family-813	Unknown	Unknown
rnd-1_family-814	Unknown	Unknown
rnd-1_family-815	Unknown	Unknown
rnd-1_family-816	Unknown	Unknown
rnd-1_family-817	Unknown	Unknown
rnd-1_family-818	Unknown	Unknown
rnd-1_family-819	Unknown	Unknown
rnd-1_family-820	Unknown	Unknown
rnd-1_family-803	Unknown	Unknown
rnd-1_family-821	Unknown	Unknown
rnd-1_family-822	Unknown	Unknown
rnd-1_family-823	Unknown	Unknown
rnd-1_family-824	Unknown	Unknown
rnd-1_family-825	Unknown	Unknown
rnd-1_family-826	Unknown	Unknown
rnd-1_family-827	Unknown	Unknown
rnd-1_family-828	Unknown	Unknown
rnd-1_family-829	Unknown	Unknown
rnd-1_family-830	Unknown	Unknown
rnd-1_family-831	Unknown	Unknown
rnd-1_family-832	Unknown	Unknown
rnd-1_family-833	Unknown	Unknown
rnd-1_family-834	Unknown	Unknown
rnd-1_family-835	Unknown	Unknown
rnd-1_family-836	Unknown	Unknown
rnd-1_family-837	Unknown	Unknown
rnd-1_family-838	Unknown	Unknown
rnd-1_family-839	Unknown	Unknown
rnd-1_family-840	Unknown	Unknown
rnd-1_family-841	Unknown	Unknown
rnd-1_family-842	Unknown	Unknown
rnd-1_family-843	Unknown	Unknown
rnd-1_family-844	Unknown	Unknown
rnd-1_family-845	Unknown	Unknown
rnd-1_family-847	Unknown	Unknown
rnd-1_family-848	Unknown	Unknown
rnd-1_family-849	Unknown	Unknown
rnd-1_family-850	Unknown	Unknown
rnd-1_family-851	Unknown	Unknown
rnd-1_family-852	Unknown	Unknown
rnd-1_family-853	Unknown	Unknown
rnd-1_family-854	Unknown	Unknown
rnd-1_family-855	Unknown	Unknown
rnd-1_family-856	Unknown	Unknown
rnd-1_family-857	Unknown	Unknown
rnd-1_family-858	Unknown	Unknown
rnd-1_family-859	Unknown	Unknown
rnd-1_family-860	Unknown	Unknown
rnd-1_family-861	Unknown	Unknown
rnd-1_family-862	Unknown	Unknown
rnd-1_family-863	Unknown	Unknown
rnd-1_family-864	Unknown	Unknown
rnd-1_family-865	Unknown	Unknown
rnd-1_family-846	Unknown	Unknown
rnd-1_family-866	Unknown	Unknown
rnd-1_family-867	Unknown	Unknown
rnd-1_family-868	Unknown	Unknown
rnd-1_family-869	Unknown	Unknown
rnd-1_family-870	Unknown	Unknown
rnd-1_family-871	Unknown	Unknown
rnd-1_family-872	Unknown	Unknown
rnd-1_family-873	Unknown	Unknown
rnd-1_family-874	Unknown	Unknown
rnd-1_family-875	Unknown	Unknown
rnd-2_family-208	Unknown	Unknown
rnd-2_family-379	Unknown	Unknown
rnd-2_family-244	Unknown	Unknown
rnd-2_family-305	Unknown	Unknown
rnd-2_family-231	Unknown	Unknown
rnd-2_family-116	Unknown	Unknown
rnd-2_family-243	Simple_repeat	Unknown
rnd-2_family-87	Unknown	Unknown
rnd-2_family-95	Unknown	Unknown
rnd-2_family-19	Simple_repeat	Unknown
rnd-3_family-179	Unknown	Unknown
rnd-3_family-686	Unknown	Unknown
rnd-3_family-2	Unknown	Unknown
rnd-3_family-239	Unknown	Unknown
rnd-3_family-362	Unknown	Unknown
rnd-3_family-59	Unknown	Unknown
rnd-3_family-419	Unknown	Unknown
rnd-3_family-112	Unknown	Unknown
rnd-3_family-692	Unknown	Unknown
rnd-3_family-290	Unknown	Unknown
rnd-3_family-200	Unknown	Unknown
rnd-3_family-1393	Unknown	Unknown
rnd-3_family-188	RC	Helitron
rnd-3_family-444	Unknown	Unknown
rnd-3_family-628	Unknown	Unknown
rnd-4_family-364	Unknown	Unknown
rnd-4_family-412	Unknown	Unknown
rnd-4_family-341	Unknown	Unknown
rnd-4_family-545	Unknown	Unknown
rnd-4_family-758	Unknown	Unknown
rnd-4_family-268	DNA	TcMar-Mariner
rnd-4_family-1835	Unknown	Unknown
rnd-4_family-368	Unknown	Unknown
rnd-4_family-2252	Unknown	Unknown
rnd-4_family-6048	Unknown	Unknown
rnd-4_family-590	Unknown	Unknown
rnd-4_family-345	Unknown	Unknown
rnd-4_family-1093	Unknown	Unknown
rnd-4_family-2033	Unknown	Unknown
rnd-4_family-5909	Unknown	Unknown
rnd-4_family-4061	Unknown	Unknown
rnd-4_family-2034	DNA	MULE-MuDR
rnd-4_family-3017	Unknown	Unknown
rnd-4_family-2045	Unknown	Unknown
rnd-4_family-5816	Unknown	Unknown
rnd-4_family-898	Unknown	Unknown
rnd-4_family-637	DNA	MULE-MuDR
rnd-4_family-1586	Unknown	Unknown
rnd-4_family-7946	Unknown	Unknown
rnd-4_family-5198	Unknown	Unknown
rnd-4_family-1067	DNA	hAT-Ac
rnd-4_family-674	Unknown	Unknown
rnd-4_family-321	Unknown	Unknown
rnd-4_family-2392	Unknown	Unknown
rnd-4_family-1905	Unknown	Unknown
rnd-4_family-1396	Unknown	Unknown
rnd-4_family-2802	Unknown	Unknown
rnd-4_family-1284	Unknown	Unknown
rnd-4_family-1557	Unknown	Unknown
rnd-4_family-426	DNA	Merlin
rnd-4_family-1715	Unknown	Unknown
rnd-4_family-3658	Unknown	Unknown
rnd-4_family-22	LTR	Pao
rnd-4_family-668	Unknown	Unknown
rnd-4_family-909	Unknown	Unknown
rnd-4_family-826	DNA	TcMar-Tc1
rnd-4_family-1065	Unknown	Unknown
rnd-4_family-357	Unknown	Unknown
rnd-4_family-2860	Unknown	Unknown
rnd-4_family-3594	Simple_repeat	Unknown
rnd-4_family-428	Unknown	Unknown
rnd-4_family-5008	Unknown	Unknown
rnd-4_family-1268	Unknown	Unknown
rnd-4_family-509	Unknown	Unknown
rnd-4_family-407	Unknown	Unknown
rnd-4_family-1589	Unknown	Unknown
rnd-4_family-2177	Unknown	Unknown
rnd-4_family-28	Unknown	Unknown
rnd-4_family-5716	DNA	Maverick
rnd-4_family-186	Unknown	Unknown
rnd-4_family-4497	Unknown	Unknown
rnd-4_family-1382	Unknown	Unknown
rnd-4_family-1229	Unknown	Unknown
rnd-4_family-2672	Unknown	Unknown
rnd-4_family-3554	Unknown	Unknown
rnd-4_family-2134	Unknown	Unknown
rnd-4_family-325	Unknown	Unknown
rnd-4_family-1144	Unknown	Unknown
rnd-4_family-1176	Unknown	Unknown
rnd-4_family-1080	Unknown	Unknown
rnd-4_family-1923	Unknown	Unknown
rnd-4_family-1005	Unknown	Unknown
rnd-4_family-676	DNA	TcMar-Pogo
rnd-4_family-1703	Unknown	Unknown
rnd-4_family-422	Unknown	Unknown
rnd-4_family-5700	Unknown	Unknown
rnd-4_family-1491	Unknown	Unknown
rnd-4_family-2175	Unknown	Unknown
rnd-4_family-2510	DNA	hAT-hAT19
rnd-4_family-4739	Unknown	Unknown
rnd-4_family-2374	Unknown	Unknown
rnd-4_family-1574	Unknown	Unknown
rnd-4_family-437	Unknown	Unknown
rnd-4_family-50	Unknown	Unknown
rnd-4_family-2377	Unknown	Unknown
rnd-4_family-5181	Unknown	Unknown
rnd-4_family-912	Unknown	Unknown
rnd-4_family-546	Unknown	Unknown
rnd-4_family-1714	Satellite	Unknown
rnd-4_family-338	Unknown	Unknown
rnd-4_family-3425	Unknown	Unknown
rnd-4_family-3569	Unknown	Unknown
rnd-4_family-787	Unknown	Unknown
rnd-4_family-75	LINE	I-Jockey
rnd-4_family-417	Unknown	Unknown
rnd-4_family-1729	Unknown	Unknown
rnd-4_family-2644	Unknown	Unknown
rnd-4_family-2596	Unknown	Unknown
rnd-5_family-560	Unknown	Unknown
rnd-5_family-3765	Unknown	Unknown
rnd-5_family-7146	Unknown	Unknown
rnd-5_family-2645	Unknown	Unknown
rnd-5_family-1141	Unknown	Unknown
rnd-5_family-694	Unknown	Unknown
rnd-5_family-293	Unknown	Unknown
rnd-5_family-1442	Unknown	Unknown
rnd-5_family-846	Unknown	Unknown
rnd-5_family-2144	Unknown	Unknown
rnd-5_family-941	Satellite	Unknown
rnd-5_family-1140	Unknown	Unknown
rnd-5_family-727	Unknown	Unknown
rnd-5_family-2333	Unknown	Unknown
rnd-5_family-4989	Unknown	Unknown
rnd-5_family-3940	Unknown	Unknown
rnd-5_family-3202	Unknown	Unknown
rnd-5_family-568	Unknown	Unknown
rnd-5_family-4445	Unknown	Unknown
rnd-5_family-5375	Unknown	Unknown
rnd-5_family-6626	Unknown	Unknown
rnd-5_family-661	Unknown	Unknown
rnd-5_family-6292	Unknown	Unknown
rnd-5_family-1608	DNA	hAT-Ac
rnd-5_family-1494	Unknown	Unknown
rnd-5_family-3262	Unknown	Unknown
rnd-5_family-1805	Unknown	Unknown
rnd-5_family-4693	Unknown	Unknown
rnd-5_family-4733	Unknown	Unknown
rnd-5_family-3660	snRNA	Unknown
rnd-5_family-6253	Unknown	Unknown
rnd-5_family-3186	Unknown	Unknown
rnd-5_family-4969	Unknown	Unknown
rnd-5_family-4258	Unknown	Unknown
rnd-5_family-1817	Unknown	Unknown
rnd-5_family-4242	Unknown	Unknown
rnd-5_family-3778	Unknown	Unknown
rnd-5_family-2901	Unknown	Unknown
rnd-5_family-3465	Unknown	Unknown
rnd-5_family-6133	Unknown	Unknown
rnd-5_family-1133	Unknown	Unknown
rnd-5_family-3439	Unknown	Unknown
rnd-5_family-2265	LTR	Gypsy
rnd-5_family-63	Unknown	Unknown
rnd-5_family-13366	Unknown	Unknown
rnd-5_family-6906	Unknown	Unknown
rnd-5_family-764	Unknown	Unknown
rnd-5_family-2627	Unknown	Unknown
rnd-5_family-3718	Unknown	Unknown
rnd-5_family-283	Unknown	Unknown
rnd-5_family-2403	Unknown	Unknown
rnd-5_family-3388	Unknown	Unknown
rnd-5_family-2568	Simple_repeat	Unknown
rnd-5_family-4788	Unknown	Unknown
rnd-5_family-4256	Unknown	Unknown
rnd-5_family-3605	DNA	Maverick
rnd-5_family-7690	DNA	hAT-Ac
rnd-5_family-1120	Unknown	Unknown
rnd-5_family-3169	Unknown	Unknown
rnd-5_family-99	Unknown	Unknown
rnd-5_family-5093	Unknown	Unknown
rnd-5_family-13056	Unknown	Unknown
rnd-5_family-3928	Unknown	Unknown
rnd-5_family-6586	Unknown	Unknown
rnd-5_family-868	Unknown	Unknown
rnd-5_family-5593	Unknown	Unknown
rnd-5_family-3609	Unknown	Unknown
rnd-5_family-3146	Unknown	Unknown
rnd-5_family-2742	LINE	CR1
rnd-5_family-1821	Unknown	Unknown
rnd-5_family-317	DNA	TcMar-Mariner
rnd-5_family-3467	Unknown	Unknown
rnd-5_family-15859	Unknown	Unknown
rnd-5_family-47	Unknown	Unknown
rnd-5_family-4074	Unknown	Unknown
rnd-5_family-3251	Unknown	Unknown
rnd-5_family-7239	Unknown	Unknown
rnd-5_family-4894	Unknown	Unknown
rnd-5_family-773	Unknown	Unknown
rnd-5_family-18045	Unknown	Unknown
rnd-5_family-2399	Unknown	Unknown
rnd-5_family-213	Unknown	Unknown
rnd-5_family-853	Unknown	Unknown
rnd-5_family-3369	LTR	Gypsy
rnd-5_family-10084	Unknown	Unknown
rnd-5_family-2013	Unknown	Unknown
rnd-5_family-785	Unknown	Unknown
rnd-5_family-6599	Unknown	Unknown
rnd-5_family-2877	Unknown	Unknown
rnd-5_family-2671	Unknown	Unknown
rnd-5_family-2873	Unknown	Unknown
rnd-5_family-5855	Unknown	Unknown
rnd-5_family-2670	Unknown	Unknown
rnd-5_family-2701	DNA	Crypton-H
rnd-5_family-13146	Unknown	Unknown
rnd-5_family-4091	Unknown	Unknown
rnd-5_family-6322	Unknown	Unknown
rnd-5_family-3173	Unknown	Unknown
rnd-5_family-1577	LTR	Gypsy
rnd-5_family-1691	Unknown	Unknown
rnd-5_family-8279	Unknown	Unknown
rnd-5_family-4075	Unknown	Unknown
rnd-5_family-11016	Unknown	Unknown
rnd-5_family-1718	Unknown	Unknown
rnd-5_family-4528	Unknown	Unknown
rnd-5_family-1599	Unknown	Unknown
rnd-5_family-3620	Unknown	Unknown
rnd-5_family-4810	DNA	Maverick
rnd-5_family-917	Unknown	Unknown
rnd-5_family-10269	Unknown	Unknown
rnd-5_family-439	DNA	Zisupton
rnd-5_family-3649	Unknown	Unknown
rnd-5_family-3785	Unknown	Unknown
rnd-5_family-1601	Unknown	Unknown
rnd-5_family-2666	Unknown	Unknown
rnd-5_family-4143	Unknown	Unknown
rnd-5_family-2864	Unknown	Unknown
rnd-5_family-3116	LTR	Pao
rnd-5_family-5615	Unknown	Unknown
rnd-5_family-11759	Unknown	Unknown
rnd-5_family-13645	Unknown	Unknown
rnd-5_family-3827	Unknown	Unknown
rnd-5_family-6604	Unknown	Unknown
rnd-5_family-4223	Unknown	Unknown
rnd-5_family-10146	Unknown	Unknown
rnd-5_family-392	Unknown	Unknown
rnd-5_family-312	Unknown	Unknown
rnd-5_family-4767	Unknown	Unknown
rnd-5_family-4372	Unknown	Unknown
rnd-5_family-730	Unknown	Unknown
rnd-5_family-4419	Unknown	Unknown
rnd-5_family-7759	Unknown	Unknown
rnd-5_family-8334	Unknown	Unknown
rnd-5_family-7780	Unknown	Unknown
rnd-5_family-671	Unknown	Unknown
rnd-5_family-1666	Unknown	Unknown
rnd-5_family-11107	Unknown	Unknown
rnd-5_family-4577	Unknown	Unknown
rnd-5_family-4922	Unknown	Unknown
rnd-5_family-1551	Unknown	Unknown
rnd-5_family-6738	DNA	Maverick
rnd-5_family-467	Unknown	Unknown
rnd-5_family-5709	Unknown	Unknown
rnd-5_family-4215	Unknown	Unknown
rnd-5_family-1101	Unknown	Unknown
rnd-5_family-2118	Unknown	Unknown
rnd-5_family-3102	Unknown	Unknown
rnd-5_family-10303	Unknown	Unknown
rnd-5_family-4228	DNA	hAT-Ac
rnd-5_family-3728	Unknown	Unknown
rnd-5_family-5298	Unknown	Unknown
rnd-5_family-1436	Unknown	Unknown
rnd-5_family-1455	Unknown	Unknown
rnd-5_family-9557	Unknown	Unknown
rnd-5_family-6178	Unknown	Unknown
rnd-5_family-8067	Unknown	Unknown
rnd-5_family-5595	Simple_repeat	Unknown
rnd-5_family-16007	Unknown	Unknown
rnd-5_family-5739	Unknown	Unknown
rnd-5_family-8150	Unknown	Unknown
rnd-5_family-2779	Unknown	Unknown
rnd-5_family-8348	Unknown	Unknown
rnd-5_family-5988	Unknown	Unknown
rnd-5_family-813	Unknown	Unknown
rnd-5_family-3738	Unknown	Unknown
rnd-5_family-2892	Unknown	Unknown
rnd-5_family-3586	Unknown	Unknown
rnd-5_family-5313	LINE	CR1
rnd-5_family-4251	Unknown	Unknown
rnd-5_family-701	Unknown	Unknown
rnd-5_family-680	Unknown	Unknown
rnd-5_family-1299	Unknown	Unknown
rnd-5_family-6294	Unknown	Unknown
rnd-5_family-3985	Unknown	Unknown
rnd-5_family-6538	Unknown	Unknown
rnd-5_family-17009	Unknown	Unknown
rnd-5_family-665	Unknown	Unknown
rnd-5_family-5209	Unknown	Unknown
rnd-5_family-6947	Unknown	Unknown
rnd-5_family-2815	Unknown	Unknown
rnd-5_family-4128	Unknown	Unknown
rnd-5_family-12213	Unknown	Unknown
rnd-5_family-5589	Unknown	Unknown
rnd-5_family-7709	LTR	Gypsy
rnd-5_family-1463	Unknown	Unknown
rnd-5_family-1726	Unknown	Unknown
rnd-5_family-14878	Unknown	Unknown
rnd-5_family-8533	Unknown	Unknown
rnd-5_family-3209	Unknown	Unknown
rnd-5_family-1350	DNA	TcMar-Mariner
rnd-5_family-1491	Unknown	Unknown
rnd-5_family-3254	Unknown	Unknown
rnd-5_family-3242	Unknown	Unknown
rnd-5_family-352	Unknown	Unknown
rnd-5_family-9612	Unknown	Unknown
rnd-5_family-891	Unknown	Unknown
rnd-5_family-569	RC	Helitron
rnd-5_family-811	Unknown	Unknown
rnd-5_family-1858	Unknown	Unknown
rnd-5_family-948	Unknown	Unknown
rnd-5_family-11824	Unknown	Unknown
rnd-5_family-5188	Unknown	Unknown
rnd-5_family-7792	Unknown	Unknown
rnd-5_family-3468	Unknown	Unknown
rnd-5_family-16838	LTR	Pao
rnd-5_family-8258	Unknown	Unknown
rnd-5_family-14533	Unknown	Unknown
rnd-5_family-12315	Unknown	Unknown
rnd-5_family-3342	LTR	Pao
rnd-5_family-1142	Unknown	Unknown
rnd-5_family-7377	Unknown	Unknown
rnd-5_family-10015	Unknown	Unknown
rnd-5_family-20227	Unknown	Unknown
rnd-5_family-2655	Unknown	Unknown
rnd-5_family-5559	Unknown	Unknown
rnd-5_family-10024	Unknown	Unknown
rnd-5_family-4541	RC	Helitron
rnd-5_family-3736	Unknown	Unknown
rnd-5_family-7367	Unknown	Unknown
rnd-5_family-5517	Unknown	Unknown
rnd-5_family-4582	Unknown	Unknown
rnd-5_family-2977	Unknown	Unknown
rnd-5_family-545	Unknown	Unknown
rnd-5_family-27780	Unknown	Unknown
rnd-5_family-6550	RC	Helitron
rnd-5_family-678	Unknown	Unknown
rnd-5_family-4108	LTR	Gypsy
rnd-5_family-308	Unknown	Unknown
rnd-5_family-5698	Unknown	Unknown
rnd-5_family-5716	Unknown	Unknown
rnd-5_family-5702	Unknown	Unknown
rnd-5_family-9109	Unknown	Unknown
rnd-5_family-7530	Unknown	Unknown
rnd-5_family-4755	Unknown	Unknown
rnd-5_family-902	Unknown	Unknown
rnd-5_family-2697	Unknown	Unknown
rnd-5_family-1300	LTR	Gypsy
rnd-5_family-8945	Unknown	Unknown
rnd-5_family-1735	Unknown	Unknown
rnd-5_family-9086	Unknown	Unknown
rnd-5_family-9757	LTR	Pao
rnd-5_family-5862	Unknown	Unknown
rnd-5_family-3163	Unknown	Unknown
rnd-5_family-1375	Unknown	Unknown
rnd-5_family-573	RC	Helitron
rnd-5_family-4429	DNA	hAT-Ac
rnd-5_family-6752	Unknown	Unknown
rnd-5_family-2980	Unknown	Unknown
rnd-5_family-3466	Unknown	Unknown
rnd-5_family-4046	DNA	hAT-Ac
rnd-5_family-547	Unknown	Unknown
rnd-5_family-13923	Unknown	Unknown
rnd-5_family-3619	Unknown	Unknown
rnd-5_family-8025	Unknown	Unknown
rnd-5_family-7572	RC	Helitron
rnd-5_family-3542	Unknown	Unknown
rnd-5_family-14249	Unknown	Unknown
rnd-5_family-4686	Unknown	Unknown
rnd-5_family-3823	Unknown	Unknown
rnd-5_family-16861	DNA	Maverick
rnd-5_family-22932	Unknown	Unknown
rnd-5_family-15067	Unknown	Unknown
rnd-5_family-8650	Unknown	Unknown
rnd-5_family-299	Unknown	Unknown
rnd-5_family-6730	Unknown	Unknown
rnd-5_family-10693	Unknown	Unknown
rnd-5_family-673	Unknown	Unknown
rnd-5_family-367	Unknown	Unknown
rnd-5_family-4527	DNA	TcMar-Mariner
rnd-5_family-9102	Unknown	Unknown
rnd-5_family-10287	Unknown	Unknown
rnd-5_family-15678	Unknown	Unknown
rnd-5_family-11668	Unknown	Unknown
rnd-5_family-1950	Unknown	Unknown
rnd-5_family-8066	LTR	Pao
rnd-5_family-4164	Unknown	Unknown
rnd-5_family-14140	Unknown	Unknown
rnd-5_family-2452	DNA	MULE-MuDR
rnd-5_family-5717	Unknown	Unknown
rnd-5_family-327	Unknown	Unknown
rnd-5_family-6878	Unknown	Unknown
rnd-5_family-5064	Unknown	Unknown
rnd-5_family-697	Unknown	Unknown
rnd-5_family-9619	Unknown	Unknown
rnd-5_family-3256	Unknown	Unknown
rnd-5_family-2416	LTR	Gypsy
rnd-5_family-3974	Unknown	Unknown
rnd-5_family-6315	RC	Helitron
rnd-5_family-1813	Unknown	Unknown
rnd-5_family-5347	Unknown	Unknown
rnd-5_family-13696	Unknown	Unknown
rnd-5_family-2214	Unknown	Unknown
rnd-5_family-3631	Unknown	Unknown
rnd-5_family-11531	DNA	hAT-Ac
rnd-5_family-4234	Unknown	Unknown
rnd-5_family-6534	Unknown	Unknown
rnd-5_family-1115	Unknown	Unknown
rnd-5_family-2899	Unknown	Unknown
rnd-5_family-5478	Unknown	Unknown
rnd-5_family-1100	Unknown	Unknown
rnd-5_family-1351	Unknown	Unknown
rnd-5_family-8666	Unknown	Unknown
rnd-5_family-13662	Unknown	Unknown
